{
  "params": {
    "foo": "bar"
  },
  "data": {
    "1": 0.308686982,
    "11155111": 0.000999999
  }
}