{"1":1.354344892,"11155111":0.001000009}
